{
  "version": "1.1.1",
  "windows": {
    "main": {
      "main": true,
      "url": "app://editor/index.html",
      "windowType": "dockable",
      "x": 0,
      "y": 23,
      "width": 1280,
      "height": 717,
      "layout": {
        "children": [
          {
            "children": [
              {
                "active": 0,
                "children": [
                  "hierarchy"
                ],
                "height": 299,
                "type": "panel",
                "width": 204
              },
              {
                "active": 0,
                "children": [
                  "assets"
                ],
                "height": 324,
                "type": "panel",
                "width": 204
              }
            ],
            "height": 626,
            "type": "dock-v",
            "width": 204
          },
          {
            "children": [
              {
                "children": [
                  {
                    "active": 0,
                    "children": [
                      "scene"
                    ],
                    "height": 397,
                    "type": "panel",
                    "width": 394
                  },
                  {
                    "active": 0,
                    "children": [
                      "node-library"
                    ],
                    "height": 397,
                    "type": "panel",
                    "width": 204
                  }
                ],
                "height": 397,
                "type": "dock-h",
                "width": 601
              },
              {
                "active": 0,
                "children": [
                  "console",
                  "timeline"
                ],
                "height": 226,
                "type": "panel",
                "width": 601
              }
            ],
            "height": 626,
            "type": "dock-v",
            "width": 601
          },
          {
            "active": 0,
            "children": [
              "inspector"
            ],
            "height": 626,
            "type": "panel",
            "width": 463
          }
        ],
        "type": "dock-h"
      },
      "panels": [
        "console",
        "inspector",
        "hierarchy",
        "assets",
        "scene",
        "node-library",
        "timeline"
      ]
    },
    "window-1509729439965": {
      "main": false,
      "url": "packages://code-editor/panel/index.html",
      "windowType": "simple",
      "x": 45,
      "y": 33,
      "width": 795,
      "height": 622,
      "layout": null,
      "panels": [
        "code-editor"
      ]
    }
  },
  "panels": {
    "code-editor": {
      "x": 45,
      "y": 33,
      "width": 795,
      "height": 622
    },
    "sprite-editor": {
      "x": 390,
      "y": 101,
      "width": 500,
      "height": 522
    }
  }
}