{
  "71238263-4752-499d-82a3-f579fcb5ff90": {
    "asset": 1503579913000,
    "meta": 1504441242000,
    "relativePath": "Scene"
  },
  "c95315ff-a087-4456-960f-c832889f43bd": {
    "asset": 1506782610000,
    "meta": 1506782610000,
    "relativePath": "Scene/Game.fire"
  },
  "4476a5ba-9c61-438b-92e1-f39538b1a0c6": {
    "asset": 1502874110000,
    "meta": 1502874110000,
    "relativePath": "scripts/ButtonsMainMenu.js"
  },
  "3f112dc0-5f3d-459d-9f4f-be5b9f332aa9": {
    "asset": 1502917133000,
    "meta": 1502965218000,
    "relativePath": "scripts"
  },
  "bffd83a6-7b6f-43d1-ae64-3eeea21bd06c": {
    "asset": 1502874061000,
    "meta": 1502874061000,
    "relativePath": "Scene/Main.fire"
  },
  "4cbf58ec-f081-42c0-9c18-c29cb0038ca6": {
    "asset": 1502874798000,
    "meta": 1502874798000,
    "relativePath": "scripts/Childs.js"
  },
  "1b6d62c4-0603-4bd4-9aa2-8f20ee8eadcd": {
    "asset": 1506690774000,
    "meta": 1509101894000,
    "relativePath": "Prefabs"
  },
  "b3538593-26ab-4f39-b03e-cdc546aeefb8": {
    "asset": 1509102568000,
    "meta": 1509102568000,
    "relativePath": "Prefabs/Info_prefab.prefab"
  },
  "9bf3d2dd-ce05-4473-a997-0617638d3229": {
    "asset": 1506689835000,
    "meta": 1506689835000,
    "relativePath": "Prefabs/Build_prefab.prefab"
  },
  "12a22cb3-c37f-46f4-a230-24fc5927fefd": {
    "asset": 1502876026000,
    "meta": 1502876026000,
    "relativePath": "Prefabs/BuildScript.js"
  },
  "fc09f9bd-2cce-4605-b630-8145ef809ed6": {
    "asset": 1497494153000,
    "meta": 1502881066000,
    "relativePath": "misc"
  },
  "2be36297-9abb-4fee-8049-9ed5e271da8a": {
    "asset": 1497494153000,
    "meta": 1497494153000,
    "relativePath": "misc/default_video.mp4"
  },
  "f6e6dd15-71d1-4ffe-ace7-24fd39942c05": {
    "asset": 1497494153000,
    "meta": 1502881066000,
    "relativePath": "obsolete"
  },
  "b8223619-7e38-47c4-841f-9160c232495a": {
    "asset": 1497494153000,
    "meta": 1497494153000,
    "relativePath": "obsolete/atom.plist"
  },
  "f743d2b6-b7ea-4c14-a55b-547ed4d0a045": {
    "asset": 1497494153000,
    "meta": 1502881066000,
    "relativePath": "particle"
  },
  "b2687ac4-099e-403c-a192-ff477686f4f5": {
    "asset": 1497494153000,
    "meta": 1497494153000,
    "relativePath": "particle/atom.plist"
  },
  "ae6c6c98-11e4-452f-8758-75f5c6a56e83": {
    "asset": 1497494153000,
    "meta": 1502881066000,
    "relativePath": "prefab"
  },
  "972b9a4d-47ee-4c74-b5c3-61d8a69bc29f": {
    "asset": 1497494153000,
    "meta": 1502881066000,
    "relativePath": "prefab/button.prefab"
  },
  "2c937608-2562-40ea-b264-7395df6f0cea": {
    "asset": 1497494153000,
    "meta": 1502881066000,
    "relativePath": "prefab/canvas.prefab"
  },
  "61aeb05b-3b32-452b-8eed-2b76deeed554": {
    "asset": 1497494153000,
    "meta": 1502881066000,
    "relativePath": "prefab/editbox.prefab"
  },
  "27756ebb-3d33-44b0-9b96-e858fadd4dd4": {
    "asset": 1497494153000,
    "meta": 1502881066000,
    "relativePath": "prefab/label.prefab"
  },
  "785a442c-3ceb-45be-a46e-7317f625f3b9": {
    "asset": 1497494153000,
    "meta": 1502881066000,
    "relativePath": "prefab/layout.prefab"
  },
  "ca8401fe-ad6e-41a8-bd46-8e3e4e9945be": {
    "asset": 1497494153000,
    "meta": 1502881066000,
    "relativePath": "prefab/pageview.prefab"
  },
  "cd33edea-55f5-46c2-958d-357a01384a36": {
    "asset": 1497494153000,
    "meta": 1502881066000,
    "relativePath": "prefab/particlesystem.prefab"
  },
  "5965ffac-69da-4b55-bcde-9225d0613c28": {
    "asset": 1497494153000,
    "meta": 1502881066000,
    "relativePath": "prefab/progressBar.prefab"
  },
  "4a37dd57-78cd-4cec-aad4-f11a73d12b63": {
    "asset": 1497494153000,
    "meta": 1502881066000,
    "relativePath": "prefab/richtext.prefab"
  },
  "32044bd2-481f-4cf1-a656-e2b2fb1594eb": {
    "asset": 1497494153000,
    "meta": 1502881066000,
    "relativePath": "prefab/scrollview.prefab"
  },
  "0004d1cf-a0ad-47d8-ab17-34d3db9d35a3": {
    "asset": 1497494153000,
    "meta": 1502881066000,
    "relativePath": "prefab/slider.prefab"
  },
  "1f55e3be-b89b-4b79-88de-47fd31018044": {
    "asset": 1497494153000,
    "meta": 1502881066000,
    "relativePath": "prefab/sprite_splash.prefab"
  },
  "96083d03-c332-4a3f-9386-d03e2d19e8ee": {
    "asset": 1497494153000,
    "meta": 1502881066000,
    "relativePath": "prefab/sprite.prefab"
  },
  "7de03a80-4457-438d-95a7-3e7cdffd6086": {
    "asset": 1497494153000,
    "meta": 1502881066000,
    "relativePath": "prefab/tiledmap.prefab"
  },
  "0d784963-d024-4ea6-a7db-03be0ad63010": {
    "asset": 1497494153000,
    "meta": 1502881066000,
    "relativePath": "prefab/toggle.prefab"
  },
  "bf0a434c-84dd-4a8e-a08a-7a36f180cc75": {
    "asset": 1497494153000,
    "meta": 1502881066000,
    "relativePath": "prefab/toggleGroup.prefab"
  },
  "232d2782-c4bd-4bb4-9e01-909f03d6d3b9": {
    "asset": 1497494153000,
    "meta": 1502881067000,
    "relativePath": "prefab/videoplayer.prefab"
  },
  "8c5001fd-07ee-4a4b-a8a0-63e15195e94d": {
    "asset": 1497494153000,
    "meta": 1502881067000,
    "relativePath": "prefab/webview.prefab"
  },
  "07e9be0d-f380-4c2b-99bf-1007a6eb29aa": {
    "asset": 1509353168000,
    "meta": 1509353168000,
    "relativePath": "Prefabs/InfoScript.js"
  },
  "57d0c90a-968b-4da3-92df-0321b4a26e9d": {
    "asset": 1502907879000,
    "meta": 1502907879000,
    "relativePath": "Prefabs/Label.prefab"
  },
  "f8e6b000-5643-4b86-9080-aa680ce1f599": {
    "asset": 1497494153000,
    "meta": 1502881065000,
    "relativePath": "image"
  },
  "71561142-4c83-4933-afca-cb7a17f67053": {
    "asset": 1497494153000,
    "meta": 1502881066000,
    "relativePath": "image/default_btn_disabled.png"
  },
  "e851e89b-faa2-4484-bea6-5c01dd9f06e2": {
    "asset": 1497494153000,
    "meta": 1502881066000,
    "relativePath": "image/default_btn_normal.png"
  },
  "b43ff3c2-02bb-4874-81f7-f2dea6970f18": {
    "asset": 1497494153000,
    "meta": 1502881066000,
    "relativePath": "image/default_btn_pressed.png"
  },
  "d81ec8ad-247c-4e62-aa3c-d35c4193c7af": {
    "asset": 1497494153000,
    "meta": 1502881066000,
    "relativePath": "image/default_panel.png"
  },
  "99170b0b-d210-46f1-b213-7d9e3f23098a": {
    "asset": 1497494153000,
    "meta": 1502881066000,
    "relativePath": "image/default_progressbar_bg.png"
  },
  "cfef78f1-c8df-49b7-8ed0-4c953ace2621": {
    "asset": 1497494153000,
    "meta": 1502881066000,
    "relativePath": "image/default_progressbar.png"
  },
  "567dcd80-8bf4-4535-8a5a-313f1caf078a": {
    "asset": 1497494153000,
    "meta": 1502881066000,
    "relativePath": "image/default_radio_button_off.png"
  },
  "9d60001f-b5f4-4726-a629-2659e3ded0b8": {
    "asset": 1497494153000,
    "meta": 1502881066000,
    "relativePath": "image/default_radio_button_on.png"
  },
  "4bab67cb-18e6-4099-b840-355f0473f890": {
    "asset": 1497494153000,
    "meta": 1502881066000,
    "relativePath": "image/default_scrollbar_bg.png"
  },
  "617323dd-11f4-4dd3-8eec-0caf6b3b45b9": {
    "asset": 1497494153000,
    "meta": 1502881066000,
    "relativePath": "image/default_scrollbar_vertical_bg.png"
  },
  "d6d3ca85-4681-47c1-b5dd-d036a9d39ea2": {
    "asset": 1497494153000,
    "meta": 1502881066000,
    "relativePath": "image/default_scrollbar_vertical.png"
  },
  "0291c134-b3da-4098-b7b5-e397edbe947f": {
    "asset": 1497494153000,
    "meta": 1502881066000,
    "relativePath": "image/default_scrollbar.png"
  },
  "0275e94c-56a7-410f-bd1a-fc7483f7d14a": {
    "asset": 1497494153000,
    "meta": 1502881066000,
    "relativePath": "image/default_sprite_splash.png"
  },
  "6e056173-d285-473c-b206-40a7fff5386e": {
    "asset": 1497494153000,
    "meta": 1506690219000,
    "relativePath": "image/default_sprite.png"
  },
  "73a0903d-d80e-4e3c-aa67-f999543c08f5": {
    "asset": 1497494153000,
    "meta": 1502881066000,
    "relativePath": "image/default_toggle_checkmark.png"
  },
  "c25b9d50-c8fc-4d27-beeb-6e7c1f2e5c0f": {
    "asset": 1497494153000,
    "meta": 1502881066000,
    "relativePath": "image/default_toggle_disabled.png"
  },
  "d29077ba-1627-4a72-9579-7b56a235340c": {
    "asset": 1497494153000,
    "meta": 1502881066000,
    "relativePath": "image/default_toggle_normal.png"
  },
  "b181c1e4-0a72-4a91-bfb0-ae6f36ca60bd": {
    "asset": 1497494153000,
    "meta": 1502881066000,
    "relativePath": "image/default_toggle_pressed.png"
  },
  "f8578c1d-d6af-4419-ac05-cfedad1be689": {
    "asset": 1502907864000,
    "meta": 1502907864000,
    "relativePath": "Prefabs/LabelScript.js"
  },
  "f653eb0a-a864-4c07-951c-dbb7c804e93f": {
    "asset": 1502878472000,
    "meta": 1502878472000,
    "relativePath": "scripts/Clear.js"
  },
  "9025c76f-0f20-41d3-914e-0826d90f7676": {
    "asset": 1502915885000,
    "meta": 1502915885000,
    "relativePath": "Scene/Dialog.fire"
  },
  "c3cce20e-7f0e-451e-a01f-86b66ddbc8ad": {
    "asset": 1502917158000,
    "meta": 1502917158000,
    "relativePath": "Prefabs/Dialog.prefab"
  },
  "eab6f221-8037-404e-99ac-454724749a99": {
    "asset": 1503578300000,
    "meta": 1503578301000,
    "relativePath": "Prefabs/DialogScript.js"
  },
  "77b08c11-c723-429a-addc-54b8742af945": {
    "asset": 1502917009000,
    "meta": 1502917009000,
    "relativePath": "Prefabs/Dialogs.js"
  },
  "2ed7e840-76ec-4871-8aa5-41e4f129c9c1": {
    "asset": 1502917117000,
    "meta": 1502917133000,
    "relativePath": "scripts/CloseScript.js"
  },
  "21ffdb44-9087-4b37-b7ab-cab164ffb727": {
    "asset": 1505221526000,
    "meta": 1505221527000,
    "relativePath": "Prefabs/Map.prefab"
  },
  "5e13d770-991c-420e-af0f-ee09ae94097c": {
    "asset": 1503585129000,
    "meta": 1503585129000,
    "relativePath": "Prefabs/Map_sqr.prefab"
  },
  "332b1393-cba8-4275-9960-f17640b95854": {
    "asset": 1504606646000,
    "meta": 1504606647000,
    "relativePath": "Prefabs/MapScript.js"
  },
  "6280060d-ebd4-4954-97a0-f80c78f4703a": {
    "asset": 1503580423000,
    "meta": 1503580423000,
    "relativePath": "Prefabs/Map_sqrScript.js"
  },
  "c8bf1c93-4d85-4c45-9d54-f40d4fce61f7": {
    "asset": 1509352069000,
    "meta": 1509352069000,
    "relativePath": "Prefabs/BuildingRow.prefab"
  },
  "2dbf7f45-f519-4575-a4c2-c1a4cba3c9be": {
    "asset": 1509708207000,
    "meta": 1509708207000,
    "relativePath": "Prefabs/BuildingRowScript.js"
  },
  "60b7d023-bb66-45a0-8d28-bf7ebcdc8b8c": {
    "asset": 1509708370000,
    "meta": 1509708370000,
    "relativePath": "Prefabs/BuildingRowInfo.prefab"
  },
  "4a931409-fc12-447e-9c38-e4e10a0325f4": {
    "asset": 1509708520000,
    "meta": 1509708520000,
    "relativePath": "Prefabs/ConfirmDestroy.prefab"
  },
  "f2242cdc-13ab-4284-b6c3-382fc1d1e974": {
    "asset": 1509709003000,
    "meta": 1509709003000,
    "relativePath": "Prefabs/ConfirmDestroyScript.js"
  },
  "1374fae1-4301-4721-8752-1254bb787701": {
    "asset": 1509708113000,
    "meta": 1509708113000,
    "relativePath": "Prefabs/BuildingRowInfoScript.js"
  }
}